127473352.cpp,134841308.cpp
173077807.cpp,84822638.cpp
173077807.cpp,84822639.cpp
84822638.cpp,84822639.cpp
138805414.cpp,142890373.cpp
138805414.cpp,21508887.cpp
138805414.cpp,21508898.cpp
138805414.cpp,30534178.cpp
142890373.cpp,21508887.cpp
142890373.cpp,21508898.cpp
142890373.cpp,30534178.cpp
164831265.cpp,21715601.cpp
164831265.cpp,29019948.cpp
164831265.cpp,31034693.cpp
164831265.cpp,33794240.cpp
164831265.cpp,36641065.cpp
21508887.cpp,21508898.cpp
21508887.cpp,30534178.cpp
21508898.cpp,30534178.cpp
21715601.cpp,29019948.cpp
21715601.cpp,31034693.cpp
21715601.cpp,33794240.cpp
21715601.cpp,36641065.cpp
29019948.cpp,31034693.cpp
29019948.cpp,33794240.cpp
29019948.cpp,36641065.cpp
31034693.cpp,33794240.cpp
31034693.cpp,36641065.cpp
33794240.cpp,36641065.cpp
