101036360.cpp,117364748.cpp
101036360.cpp,127473352.cpp
101036360.cpp,134841308.cpp
101036360.cpp,173077807.cpp
101036360.cpp,48762087.cpp
101036360.cpp,84822638.cpp
101036360.cpp,84822639.cpp
117364748.cpp,127473352.cpp
117364748.cpp,134841308.cpp
117364748.cpp,173077807.cpp
117364748.cpp,48762087.cpp
117364748.cpp,84822638.cpp
117364748.cpp,84822639.cpp
127473352.cpp,173077807.cpp
127473352.cpp,48762087.cpp
127473352.cpp,84822638.cpp
127473352.cpp,84822639.cpp
134841308.cpp,173077807.cpp
134841308.cpp,48762087.cpp
134841308.cpp,84822638.cpp
134841308.cpp,84822639.cpp
173077807.cpp,48762087.cpp
48762087.cpp,84822638.cpp
48762087.cpp,84822639.cpp
138805414.cpp,164831265.cpp
138805414.cpp,21715601.cpp
138805414.cpp,29019948.cpp
138805414.cpp,31034693.cpp
138805414.cpp,33794240.cpp
138805414.cpp,36641065.cpp
138805414.cpp,45851050.cpp
142890373.cpp,164831265.cpp
142890373.cpp,21715601.cpp
142890373.cpp,29019948.cpp
142890373.cpp,31034693.cpp
142890373.cpp,33794240.cpp
142890373.cpp,36641065.cpp
142890373.cpp,45851050.cpp
164831265.cpp,21508887.cpp
164831265.cpp,21508898.cpp
164831265.cpp,30534178.cpp
164831265.cpp,45851050.cpp
21508887.cpp,21715601.cpp
21508887.cpp,29019948.cpp
21508887.cpp,31034693.cpp
21508887.cpp,33794240.cpp
21508887.cpp,36641065.cpp
21508887.cpp,45851050.cpp
21508898.cpp,21715601.cpp
21508898.cpp,29019948.cpp
21508898.cpp,31034693.cpp
21508898.cpp,33794240.cpp
21508898.cpp,36641065.cpp
21508898.cpp,45851050.cpp
21715601.cpp,30534178.cpp
21715601.cpp,45851050.cpp
29019948.cpp,30534178.cpp
29019948.cpp,45851050.cpp
30534178.cpp,31034693.cpp
30534178.cpp,33794240.cpp
30534178.cpp,36641065.cpp
30534178.cpp,45851050.cpp
31034693.cpp,45851050.cpp
33794240.cpp,45851050.cpp
36641065.cpp,45851050.cpp
